{"cameraMode":{"drawMode":0,"name":"Shaded","section":"Shading Mode"},"sceneLighting":true,"audioPlay":false,"sceneViewState":{"showFog":true,"showMaterialUpdate":false,"showSkybox":true,"showFlares":true,"showImageEffects":true,"showParticleSystems":true},"in2DMode":false,"pivot":{"x":4.400410175323486,"y":0.11003519594669342,"z":0.22061511874198914},"rotation":{"x":-0.07738771289587021,"y":0.9192839860916138,"z":-0.31057998538017275,"w":-0.22905966639518739},"size":9.937605857849121,"orthographic":false}